match_date,opponent,note,category,source_url
2025-12-22/2026-01-10,AFCON 2025 group stage to quarter-final,"CAF Online notes Egypt were the only team at AFCON 2025 to make 11 changes to the starting XI in a group-stage match, and reads it as squad depth and Hassan's repeated message that every player is ready and trusted.",other,https://www.cafonline.com/afcon2025/news/why-egypt-deserve-their-place-in-the-afcon-2025-semi-finals/
2025-12-22/2026-01-10,AFCON 2025 group stage to quarter-final,CAF Online says Hassan kept faith in goalkeeper El-Shenawy despite criticism linked to his club form and a goal conceded in every match he played; the keeper answered with key saves and Man of the Match against South Africa.,other,https://www.cafonline.com/afcon2025/news/why-egypt-deserve-their-place-in-the-afcon-2025-semi-finals/
2026-01-10,Ivory Coast,CAF Online acknowledges Hassan has faced criticism over Egypt's style of play but argues results (a third AFCON semi-final since 2017 after the 3-2 quarter-final win) support his approach.,other,https://www.cafonline.com/afcon2025/news/why-egypt-deserve-their-place-in-the-afcon-2025-semi-finals/
2026-06-27,Iran,"Daily News Egypt's report has Shobeir saving Taremi's 11th-minute penalty after Saber's 5th-minute goal, and describes Trezeguet and Salah as Egypt's attacking duo up front, whereas FotMob records the shape as 4-2-3-1 (formation labels differ by source).",other,https://www.dailynewsegypt.com/2026/06/27/world-cup-2026-the-pharaohs-make-history-with-first-ever-knockout-stage-qualification/
2026-07-07,Argentina,"AP reports that after going 2-0 up on Zico's 67th-minute goal Egypt fell into a defensive shell to protect the lead, and Argentina scored in the 79th and 83rd minutes and in stoppage time.",block,https://www.sportsnet.ca/fifa-world-cup/article/egypt-coach-livid-after-world-cup-loss-to-argentina-we-have-suffered-injustice/
2026-07-07,Argentina,"AP describes Egypt's second goal as coming from a break started by Salah out of his own half, and the winning goal as starting when Salah was dispossessed while dribbling into the box.",build-up,https://www.sportsnet.ca/fifa-world-cup/article/egypt-coach-livid-after-world-cup-loss-to-argentina-we-have-suffered-injustice/
2026-07-07,Argentina,"ESPN quotes forward Zico saying Egypt did not treat 2-0 as a finished game, which sits against AP's description of a defensive shell; Hassan's own post-match comments centred on refereeing (a disallowed goal and an unchecked foul) rather than tactics.",other,https://africa.espn.com/football/story/_/id/49298958/egypt-boss-bemoans-injustice-loss-argentina-world-cup
2025-12-22/2026-07-07,AFCON 2025 and World Cup 2026,Mada Masr columnist view: at AFCON 2025 Hassan set Egypt up defensively and it took them to fourth place; at the 2026 World Cup he showed a clear change toward more attacking approaches and better game management.,block,https://www.madamasr.com/en/2026/07/09/feature/society/gone-from-the-cup-but-not-forgotten-hossam-hassan-egypts-national-football-coach/
2026-06-15/2026-07-07,World Cup 2026,"Mada Masr writes that Hassan, like predecessors, relied on Salah as the main attacking outlet (the 'pass-to-Salah team' label) but built more structure around him, and quotes Hassan claiming he used Salah in a position nobody had seen him play.",build-up,https://www.madamasr.com/en/2026/07/09/feature/society/gone-from-the-cup-but-not-forgotten-hossam-hassan-egypts-national-football-coach/
2026-06-15/2026-07-07,World Cup 2026,Mada Masr flags Hassan's decision to take a fourth goalkeeper in the 26-man World Cup squad at the expense of an extra striker; Egypt were the only team to do so.,other,https://www.madamasr.com/en/2026/07/09/feature/society/gone-from-the-cup-but-not-forgotten-hossam-hassan-egypts-national-football-coach/
