venue_city,venue_country,venue,lat,lon,tz,source_url
al-Qāhirah (Cairo),Egypt,Cairo International Stadium,30.0691,31.3123,Africa/Cairo,https://www.wikidata.org/wiki/Q158985
Cairo,Egypt,Cairo International Stadium,30.0691,31.3123,Africa/Cairo,https://www.wikidata.org/wiki/Q158985
Juba,South Sudan,Juba Stadium,4.8431,31.6158,Africa/Juba,https://www.wikidata.org/wiki/Q2718479
Agadir,Morocco,Agadir (city centre),30.4214,-9.5831,Africa/Casablanca,https://www.wikidata.org/wiki/Q170525
Al Khor,Qatar,Al Bayt Stadium,25.6522,51.4878,Asia/Qatar,https://www.wikidata.org/wiki/Q1050220
Al-'Ayn (Al Ain),United Arab Emirates,Al Ain (city centre),24.2075,55.7447,Asia/Dubai,https://www.wikidata.org/wiki/Q234600
"Arlington, Texas",United States,AT&T Stadium (Dallas Stadium),32.7477,-97.0929,America/Chicago,https://www.wikidata.org/wiki/Q838284
"Atlanta, Georgia",United States,Mercedes-Benz Stadium (Atlanta Stadium),33.7553,-84.4008,America/New_York,https://www.wikidata.org/wiki/Q7007552
Bissau,Guinea-Bissau,Bissau (city centre),11.86,-15.5833,Africa/Bissau,https://www.wikidata.org/wiki/Q3739
Casablanca,Morocco,Casablanca (city centre),33.5992,-7.62,Africa/Casablanca,https://www.wikidata.org/wiki/Q7903
"Cleveland, Ohio",United States,Huntington Bank Field,41.5061,-81.6994,America/New_York,https://www.wikidata.org/wiki/Q1100756
Cornella de Llobregat,Spain,RCDE Stadium,41.3479,2.0757,Europe/Madrid,https://www.wikidata.org/wiki/Q473223
Francistown,Botswana,Francistown (city centre),-21.1736,27.5125,Africa/Gaborone,https://www.wikidata.org/wiki/Q165422
Jeddah,Saudi Arabia,King Abdullah Sports City,21.7626,39.1651,Asia/Riyadh,https://www.wikidata.org/wiki/Q6411211
Lusail,Qatar,Lusail Stadium,25.4209,51.4904,Asia/Qatar,https://www.wikidata.org/wiki/Q1186333
Nouakchott,Mauritania,Nouakchott (city centre),18.0858,-15.9785,Africa/Nouakchott,https://www.wikidata.org/wiki/Q3688
Ouagadougou,Burkina Faso,Ouagadougou (city centre),12.3686,-1.5275,Africa/Ouagadougou,https://www.wikidata.org/wiki/Q3777
Praia,Cape Verde,Praia (city centre),14.9177,-23.5092,Atlantic/Cape_Verde,https://www.wikidata.org/wiki/Q3751
"Seattle, Washington",United States,Lumen Field (Seattle Stadium),47.5953,-122.3317,America/Los_Angeles,https://www.wikidata.org/wiki/Q612736
Tanger,Morocco,Tangier (city centre),35.7696,-5.8034,Africa/Casablanca,https://www.wikidata.org/wiki/Q126148
"Vancouver, British Columbia",Canada,BC Place,49.2767,-123.1119,America/Vancouver,https://www.wikidata.org/wiki/Q612227
